1,SM,1,32.6
1,SM,2,15.0
1,SM,3,14.0
1,SM,4,23.7
1,SM,5,6.11
1,SM,6,17.9
1,SM,7,10.6
1,SM,8,21.2
1,SM,9,5.74
1,SM,10,20.3
1,SM,11,5.96
1,SM,12,17.9
1,SM,13,25.5
1,SM,14,34.8
1,SM,15,19.3
1,SM,16,55.6
1,SM,17,31.3
1,SM,18,7.03
1,SM,19,28.0
1,SM,20,30.8
1,SM,21,10.5
1,SM,22,2.51
1,SM,23,9.25
1,SM,26,50.3
1,SM,28,47.4
1,SM,29,25.2
1,SM,30,2.37
1,SM,31,6.29
1,SM,32,13.6
1,SM,33,6.22
1,SM,34,51.8
1,SM,35,123
1,SM,36,165
1,SM,37,153
1,SM,38,123
1,SM,39,128
1,SM,40,130
1,SM,41,100
1,SM,43,47.6
1,SM,44,37.3
1,SM,45,26.6
1,SM,46,32.3
1,SM,48,41.4
1,SM,49,61.8
1,SM,50,38.0
1,SM,51,26.9
1,SM,52,13.5
1,SM,53,2.40
1,SM,56,13.1
1,SM,57,10.4
1,SM,58,4.88
1,SM,59,6.22
1,SM,60,14.2
1,SM,61,20.3
1,SM,62,12.6
1,SM,64,47.3
1,SM,65,32.0
1,SM,67,27.4
1,SM,68,19.3
1,SM,69,19.0
1,SM,70,15.8
1,SM,71,6.08
1,SM,72,1.62
1,SM,73,4.60
1,SM,74,34.1
1,SM,75,61.9
1,SM,76,85.7
1,SM,77,63.0
1,SM,78,19.3
1,SM,80,4.67
1,SM,81,10.7
1,SM,82,1.71
1,SM,83,27.6
1,SM,84,31.4
1,SM,85,23.0
1,SM,87,24.0
1,SM,88,52.2
1,SM,89,71.9
1,SM,90,40.2
1,SM,91,5.26
1,SM,92,5.95
1,SM,93,12.1
1,SM,94,13.0
1,SM,95,13.0
1,SM,96,40.1
1,SM,98,37.4
1,SM,99,28.8
1,SM,101,69.0
1,SM,102,126
1,SM,103,134
1,SM,104,182
1,SM,106,172
1,SM,107,155
1,SM,108,219
1,SM,109,227
1,SM,110,205
1,SM,111,208
1,SM,112,194
1,SM,113,217
1,SM,114,209
1,SM,115,155
1,SM,116,99.4
1,SM,118,105
1,SM,119,126
1,SM,120,132
1,SM,121,83.4
1,SM,124,16.3
1,SM,125,1.96
1,SM,126,39.3
1,SM,127,18.0
1,SM,128,10.6
1,SM,129,41.7
1,SM,131,8.24
1,SM,132,25.9
1,SM,133,15.0
1,SM,135,19.8
1,SM,136,19.5
1,SM,138,21.4
1,SM,139,13.6
1,SM,140,16.7
1,SM,141,50.9
1,SM,142,83.1
1,SM,143,100
1,SM,144,75.4
1,SM,145,21.1
1,SM,146,31.0
1,SM,147,56.7
1,SM,148,44.9
1,SM,149,35.3
1,SM,150,22.4
1,SM,152,42.7
1,SM,154,41.7
1,SM,155,50.1
1,SM,156,97.5
1,SM,157,93.6
1,SM,158,66.8
1,SM,159,30.6
1,SM,160,46.7
1,SM,161,2.93
1,SM,162,14.8
1,SM,163,1.61
1,SM,164,8.44
1,SM,165,2.05
1,SM,166,38.5
1,SM,167,24.6
1,SM,168,41.1
1,SM,169,37.9
1,SM,170,48.5
1,SM,171,54.6
1,SM,173,9.87
1,SM,174,6.72
1,SM,175,12.7
1,SM,176,2.75
1,SM,177,7.51
1,SM,178,53.6
1,SM,179,1.59
1,SM,180,25.4
1,SM,181,92.4
1,SM,182,87.9
1,SM,183,68.0
1,SM,184,38.1
1,SM,185,60.9
1,SM,187,42.7
1,SM,188,22.3
1,SM,189,17.7
1,SM,190,24.0
1,SM,191,11.0
1,SM,192,20.3
1,SM,194,1.58
1,SM,195,10.5
1,SM,196,41.3
1,SM,197,19.1
1,SM,198,2.64
1,SM,199,12.7
1,SM,200,40.1
1,SM,201,49.9
1,SM,202,65.9
1,SM,203,43.0
1,SM,204,54.8
1,SM,205,47.9
1,SM,206,13.0
1,SM,207,7.44
1,SM,208,31.7
1,SM,209,1.56
1,SM,210,10.1
1,SM,211,12.9
1,SM,212,54.6
1,SM,213,108
1,SM,214,63.6
1,SM,215,70.4
1,SM,216,60.7
1,SM,217,64.2
1,SM,218,26.5
1,SM,219,28.7
1,SM,220,46.9
1,SM,221,2.65
1,SM,222,5.32
1,SM,223,22.5
1,SM,224,33.6
1,SM,225,51.5
1,SM,226,68.1
1,SM,227,54.1
1,SM,228,15.6
1,SM,229,6.64
1,SM,230,3.06
1,SM,231,39.5
1,SM,232,37.8
1,SM,233,15.3
1,SM,234,36.5
1,SM,235,47.9
1,SM,236,37.6
1,SM,237,52.9
1,SM,238,88.4
1,SM,239,78.3
1,SM,240,31.4
1,SM,241,37.4
1,SM,243,73.6
1,SM,244,83.5
1,SM,246,54.4
1,SM,247,73.8
1,SM,248,48.8
1,SM,249,41.8
1,SM,250,21.6
1,SM,251,5.29
1,SM,252,34.4
1,SM,253,63.1
1,SM,255,17.9
1,SM,256,1.65
1,SM,257,29.5
1,SM,258,42.2
1,SM,259,47.8
1,SM,260,12.4
1,SM,261,19.1
1,SM,263,29.0
1,SM,264,32.0
1,SM,265,2.08
1,SM,266,25.4
1,SM,268,82.6
1,SM,269,116
1,SM,270,107
1,SM,271,84.5
1,SM,272,105
1,SM,273,105
1,SM,274,110
1,SM,276,142
1,SM,277,142
1,SM,278,97.0
1,SM,279,131
1,SM,280,79.8
1,SM,281,29.3
1,SM,282,18.3
1,SM,283,5.46
1,SM,284,42.4
1,SM,285,1.74
1,SM,286,2.51
1,SM,287,39.6
1,SM,288,45.8
1,SM,289,46.5
1,SM,291,13.7
1,SM,292,47.1
1,SM,293,45.9
1,SM,294,98.2
1,SM,296,49.5
1,SM,297,28.8
1,SM,298,11.4
1,SM,299,3.65
1,SM,300,24.2
1,SM,301,28.5
1,SM,302,50.8
1,SM,303,42.6
1,SM,304,27.3
1,SM,306,9.65
1,SM,307,8.72
1,SM,308,38.4
1,SM,309,24.3
1,SM,312,17.5
1,SM,314,69.5
1,SM,315,29.5
1,SM,316,1.61
1,SM,317,26.9
1,SM,318,17.7
1,SM,319,6.30
1,SM,320,2.48
1,SM,321,26.4
1,SM,322,39.1
1,SM,323,21.8
1,SM,324,69.8
1,SM,325,73.1
1,SM,326,56.9
1,SM,328,111
1,SM,329,125
1,SM,330,94.8
1,SM,331,71.9
1,SM,332,79.3
1,SM,333,18.1
1,SM,334,33.9
1,SM,336,19.1
1,SM,337,8.85
1,SM,338,7.53
1,SM,339,1.67
1,SM,341,25.1
1,SM,342,30.0
1,SM,343,62.2
1,SM,344,72.3
1,SM,345,92.1
1,SM,346,63.2
1,SM,347,70.9
1,SM,348,88.5
1,SM,349,168
1,SM,350,138
1,SM,351,122
1,SM,353,94.8
1,SM,354,145
1,SM,356,102
1,SM,358,47.0
1,SM,359,25.3
1,SM,360,60.8
1,SM,361,93.6
1,SM,362,71.5
1,SM,363,60.0
1,SM,365,18.8
1,SM,366,23.1
1,SM,367,53.7
1,SM,368,22.6
1,SM,369,23.0
1,SM,371,4.12
1,SM,372,9.10
1,SM,373,30.6
1,SM,374,35.3
1,SM,377,28.4
1,SM,378,36.5
1,SM,379,6.71
1,SM,380,4.28
1,SM,381,22.9
1,SM,382,29.9
1,SM,383,46.2
1,SM,384,34.4
1,SM,385,2.50
1,SM,386,44.9
1,SM,387,1.71
1,SM,388,6.31
1,SM,389,21.8
1,SM,391,10.7
1,SM,392,1.83
1,SM,393,50.7
1,SM,394,33.5
1,SM,395,4.61
1,SM,396,34.5
1,SM,397,43.9
1,SM,398,31.3
1,SM,399,54.4
1,SM,400,80.5
1,SM,401,31.5
1,SM,402,9.30
1,SM,403,18.4
1,SM,404,40.4
1,SM,405,56.7
1,SM,406,51.5
1,SM,407,30.4
1,SM,408,36.0
1,SM,409,64.0
1,SM,411,23.9
1,SM,412,45.1
1,SM,413,47.2
1,SM,414,79.6
1,SM,415,68.4
1,SM,416,29.8
1,SM,417,4.68
1,SM,418,20.7
1,SM,419,22.7
1,SM,420,69.2
1,SM,421,47.8
1,SM,422,100
1,SM,423,138
1,SM,424,107
1,SM,426,120
1,SM,427,141
1,SM,428,110
1,SM,429,114
1,SM,430,109
1,SM,431,92.5
1,SM,432,85.3
1,SM,433,99.3
1,SM,434,143
1,SM,435,183
1,SM,436,219
1,SM,437,213
1,SM,438,169
1,SM,439,188
1,SM,440,147
1,SM,441,135
1,SM,443,101
1,SM,444,75.6
1,SM,445,64.8
1,SM,446,61.4
1,SM,447,55.6
1,SM,448,16.8
1,SM,449,20.9
1,SM,451,29.4
1,SM,452,55.4
1,SM,453,33.3
1,SM,454,83.4
1,SM,457,29.7
1,SM,458,37.8
1,SM,460,2.09
1,SM,461,15.1
1,SM,462,32.1
1,SM,463,25.7
1,SM,464,47.2
1,SM,465,128
1,SM,466,143
1,SM,467,153
1,SM,468,135
1,SM,469,134
1,SM,470,138
1,SM,471,154
1,SM,472,198
1,SM,473,182
1,SM,474,153
1,SM,476,115
1,SM,477,124
1,SM,478,145
1,SM,479,103
1,SM,480,134
1,SM,481,110
1,SM,482,162
1,SM,483,145
1,SM,484,215
1,SM,485,168
1,SM,486,160
1,SM,487,151
1,SM,488,138
1,SM,489,148
1,SM,493,138
1,SM,494,106
1,SM,495,80.9
1,SM,496,30.2
1,SM,497,39.2
1,SM,499,24.2
1,SM,500,26.4
1,SM,501,28.7
1,SM,502,27.1
1,SM,503,40.1
1,SM,504,70.0
1,SM,505,48.0
1,SM,506,29.2
1,SM,507,41.4
1,SM,508,25.7
1,SM,512,24.7
1,SM,513,9.86
1,SM,514,5.06
1,SM,515,1.67
1,SM,516,23.0
1,SM,517,17.8
1,SM,518,1.47
1,SM,519,17.9
1,SM,520,48.9
1,SM,522,62.8
1,SM,523,42.5
1,SM,524,72.0
1,SM,525,96.2
1,SM,526,81.0
1,SM,527,76.2
1,SM,528,72.9
1,SM,529,70.7
1,SM,530,28.7
1,SM,531,24.3
1,SM,532,29.3
1,SM,533,15.0
1,SM,534,53.6
1,SM,535,25.6
1,SM,536,6.78
1,SM,537,10.1
1,SM,538,35.1
1,SM,539,30.8
1,SM,541,43.5
1,SM,542,47.1
1,SM,543,21.5
1,SM,544,26.4
1,SM,545,61.6
1,SM,546,34.4
1,SM,547,30.4
1,SM,548,14.3
1,SM,549,18.1
1,SM,551,10.7
1,SM,552,28.6
1,SM,553,17.6
1,SM,554,49.4
1,SM,555,84.0
1,SM,556,64.4
1,SM,557,54.5
1,SM,558,34.1
1,SM,559,5.64
1,SM,560,7.15
1,SM,561,1.66
1,SM,562,12.2
1,SM,563,4.28
1,SM,564,18.5
1,SM,565,15.9
1,SM,566,10.0
1,SM,567,21.1
1,SM,568,6.87
1,SM,569,34.9
1,SM,570,14.6
1,SM,571,28.6
1,SM,572,61.8
1,SM,573,9.62
1,SM,574,15.7
1,SM,575,25.5
1,SM,576,34.8
1,SM,577,33.9
1,SM,578,11.8
1,SM,579,48.7
1,SM,580,38.3
1,SM,582,31.0
1,SM,583,58.3
1,SM,584,37.0
1,SM,585,85.5
1,SM,586,42.6
1,SM,587,10.5
1,SM,588,2.12
1,SM,589,6.17
1,SM,590,12.6
1,SM,591,14.9
1,SM,592,7.36
1,SM,593,1.57
1,SM,594,28.2
1,SM,595,74.2
1,SM,596,105
1,SM,597,148
1,SM,598,161
1,SM,599,155
1,SM,600,149
1,SM,601,105
1,SM,602,108
1,SM,603,56.6
1,SM,605,9.26
1,SM,606,19.4
1,SM,607,62.6
1,SM,608,41.2
1,SM,610,2.32
1,SM,611,14.3
1,SM,612,4.31
1,SM,613,34.9
1,SM,614,30.8
1,SM,615,22.7
1,SM,616,32.7
1,SM,617,62.7
1,SM,619,40.5
1,SM,620,85.8
1,SM,621,115
1,SM,622,105
1,SM,623,62.0
1,SM,624,73.4
1,SM,625,89.8
1,SM,626,38.6
1,SM,627,69.8
1,SM,628,51.2
1,SM,629,109
1,SM,630,88.4
1,SM,631,95.9
1,SM,632,74.2
1,SM,633,63.9
1,SM,634,48.0
1,SM,635,101
1,SM,637,89.6
1,SM,638,115
1,SM,639,133
1,SM,640,136
1,SM,641,186
1,SM,643,181
1,SM,644,203
1,SM,645,228
1,SM,646,260
1,SM,647,245
1,SM,648,211
1,SM,649,226
1,SM,650,220
1,SM,651,184
1,SM,652,255
1,SM,653,240
1,SM,654,250
1,SM,655,283
1,SM,656,246
1,SM,657,261
1,SM,658,232
1,SM,659,246
1,SM,660,257
1,SM,661,227
1,SM,662,241
1,SM,663,190
1,SM,664,201
1,SM,666,147
1,SM,667,124
1,SM,668,85.8
1,SM,669,96.2
1,SM,670,83.0
1,SM,671,9.63
1,SM,672,41.0
1,SM,673,35.0
1,SM,674,43.3
1,SM,675,6.87
1,SM,676,4.94
1,SM,677,48.9
1,SM,678,48.7
1,SM,679,62.6
1,SM,680,51.5
1,SM,681,86.1
1,SM,682,38.3
1,SM,683,30.7
1,SM,684,57.7
1,SM,685,67.1
1,SM,687,117
1,SM,688,113
1,SM,689,105
1,SM,691,39.8
1,SM,692,51.9
1,SM,693,33.5
1,SM,694,36.3
1,SM,695,8.54
1,SM,696,9.18
1,SM,697,7.62
1,SM,698,11.5
1,SM,699,23.0
1,SM,700,57.1
1,SM,702,35.2
1,SM,704,57.9
1,SM,705,64.3
1,SM,707,24.0
1,SM,708,20.8
1,SM,709,34.1
1,SM,710,51.4
1,SM,712,58.5
1,SM,713,95.7
1,SM,714,106
1,SM,715,116
1,SM,717,86.6
1,SM,718,62.0
1,SM,719,33.9
1,SM,720,48.9
1,SM,721,21.6
1,SM,722,20.9
1,SM,723,10.4
1,SM,724,25.2
1,SM,725,14.0
1,SM,726,39.5
1,SM,727,83.1
1,SM,728,78.6
1,SM,729,59.7
1,SM,730,31.4
1,SM,732,15.8
1,SM,733,26.5
1,SM,734,40.6
1,SM,735,22.4
1,SM,736,23.3
1,SM,737,36.2
1,SM,738,8.72
1,SM,739,23.4
1,SM,740,1.90
1,SM,741,9.02
1,SM,742,47.2
1,SM,743,67.6
1,SM,744,101
1,SM,745,129
1,SM,747,139
1,SM,748,202
1,SM,749,169
1,SM,750,143
1,SM,751,120
1,SM,752,92.8
1,SM,753,83.0
1,SM,754,99.3
1,SM,756,102
1,SM,757,85.8
1,SM,758,72.1
1,SM,759,107
1,SM,760,138
1,SM,762,89.1
1,SM,763,56.2
1,SM,764,52.7
1,SM,765,57.5
1,SM,766,74.2
1,SM,767,40.3
1,SM,768,46.5
1,SM,769,50.7
1,SM,770,81.2
1,SM,771,81.4
1,SM,772,106
1,SM,774,60.7
1,SM,775,47.6
1,SM,777,5.31
1,SM,778,1.62
1,SM,779,1.87
1,SM,780,59.0
1,SM,781,77.3
1,SM,782,89.0
1,SM,784,100
1,SM,785,121
1,SM,786,98.2
1,SM,787,116
1,SM,788,140
1,SM,789,153
1,SM,790,143
1,SM,791,171
1,SM,792,154
1,SM,794,201
1,SM,795,215
1,SM,797,236
1,SM,799,179
1,SM,800,160
1,SM,801,176
1,SM,802,142
1,SM,803,103
1,SM,804,93.5
1,SM,805,90.9
1,SM,806,84.7
1,SM,807,73.5
1,SM,808,62.0
1,SM,809,34.8
1,SM,811,17.8
1,SM,812,29.0
1,SM,814,2.61
1,SM,815,10.4
1,SM,816,5.33
1,SM,817,5.05
1,SM,819,8.20
1,SM,820,15.0
1,SM,822,11.9
1,SM,823,11.2
1,SM,824,63.3
1,SM,826,50.2
1,SM,827,40.7
1,SM,829,30.2
1,SM,830,89.2
1,SM,831,76.5
1,SM,832,73.6
1,SM,833,71.2
1,SM,834,66.4
1,SM,835,71.4
1,SM,836,33.5
1,SM,837,9.68
1,SM,838,36.4
1,SM,839,21.1
1,SM,840,27.0
1,SM,842,50.6
1,SM,843,57.3
1,SM,844,29.6
1,SM,845,35.0
1,SM,846,34.1
1,SM,847,7.15
1,SM,848,10.1
1,SM,852,11.2
1,SM,853,29.5
1,SM,854,9.94
1,SM,856,19.5
1,SM,857,15.5
1,SM,859,41.5
1,SM,860,19.9
1,SM,861,64.4
1,SM,862,83.1
1,SM,863,62.2
1,SM,864,12.4
1,SM,865,30.1
1,SM,867,16.6
1,SM,869,31.9
1,SM,870,46.6
1,SM,871,32.7
1,SM,872,29.6
1,SM,874,1.88
1,SM,875,17.3
1,SM,876,36.6
1,SM,877,39.9
1,SM,878,31.7
1,SM,879,33.8
1,SM,880,26.8
1,SM,882,4.74
1,SM,884,55.7
1,SM,885,51.5
1,SM,886,48.6
1,SM,888,70.3
1,SM,889,47.7
1,SM,891,60.8
1,SM,892,56.1
1,SM,893,70.2
1,SM,894,78.6
1,SM,896,119
1,SM,897,68.1
1,SM,898,40.7
1,SM,899,21.0
1,SM,900,32.4
1,SM,901,2.18
1,SM,902,2.72
1,SM,904,13.1
1,SM,905,12.9
1,SM,906,13.3
1,SM,907,28.3
1,SM,908,5.09
1,SM,909,24.1
1,SM,910,4.13
1,SM,912,1.76
1,SM,913,8.26
1,SM,914,8.53
1,SM,915,6.56
1,SM,916,15.0
1,SM,917,30.7
1,SM,918,40.2
1,SM,919,7.64
1,SM,920,22.9
1,SM,921,45.9
1,SM,922,88.6
1,SM,923,93.6
1,SM,924,67.6
1,SM,925,79.3
1,SM,926,54.9
1,SM,929,19.2
1,SM,930,8.06
1,SM,931,33.2
1,SM,932,36.0
1,SM,933,39.7
1,SM,934,35.9
1,SM,935,28.0
1,SM,936,13.2
1,SM,937,1.66
1,SM,938,6.09
1,SM,939,1.69
1,SM,940,59.5
1,SM,941,41.2
1,SM,942,21.7
1,SM,943,26.2
1,SM,944,27.2
1,SM,945,12.9
1,SM,946,1.76
1,SM,947,16.7
1,SM,949,4.39
1,SM,950,27.3
1,SM,951,15.1
1,SM,952,29.2
1,SM,953,13.2
1,SM,954,32.4
1,SM,955,12.4
1,SM,956,10.3
1,SM,957,26.2
1,SM,958,15.1
1,SM,959,22.3
1,SM,960,34.1
1,SM,961,69.9
1,SM,962,83.1
1,SM,963,110
1,SM,964,126
1,SM,965,115
1,SM,966,146
1,SM,967,179
1,SM,968,186
1,SM,969,148
1,SM,970,180
1,SM,971,222
1,SM,972,222
1,SM,973,235
1,SM,974,251
1,SM,975,285
1,SM,976,289
1,SM,977,308
1,SM,978,313
1,SM,979,332
1,SM,980,328
1,SM,981,339
1,SM,982,341
1,SM,983,345
1,SM,984,352
1,SM,985,290
1,SM,986,262
1,SM,987,211
1,SM,989,187
1,SM,990,221
1,SM,991,212
1,SM,992,206
1,SM,993,207
1,SM,994,198
1,SM,995,199
1,SM,996,175
1,SM,997,168
1,SM,998,160
1,SM,999,160
1,SM,1000,168
2,SM,1,5.11
2,SM,2,20.6
2,SM,3,19.6
2,SM,4,13.9
2,SM,5,2.19
2,SM,6,13.9
2,SM,7,20.9
2,SM,9,51.7
2,SM,11,40.6
2,SM,12,15.7
2,SM,13,3.35
2,SM,14,7.38
2,SM,15,16.5
2,SM,16,5.42
2,SM,17,50.3
2,SM,18,120
2,SM,19,153
2,SM,20,157
2,SM,21,132
2,SM,22,134
2,SM,23,127
2,SM,24,96.8
2,SM,25,56.3
2,SM,26,41.3
2,SM,28,24.6
2,SM,29,15.1
2,SM,31,22.2
2,SM,32,63.6
2,SM,33,46.2
2,SM,34,18.8
2,SM,35,21.3
2,SM,36,1.63
2,SM,37,11.8
2,SM,38,26.9
2,SM,39,21.3
2,SM,41,1.66
2,SM,42,10.6
2,SM,43,28.8
2,SM,44,5.40
2,SM,45,17.4
2,SM,46,4.24
2,SM,47,56.1
2,SM,48,14.0
2,SM,49,14.5
2,SM,50,23.8
2,SM,51,17.3
2,SM,52,9.66
2,SM,53,9.19
2,SM,54,4.07
2,SM,55,14.1
2,SM,56,21.9
2,SM,57,20.4
2,SM,58,57.7
2,SM,59,81.1
2,SM,61,25.0
2,SM,62,14.0
2,SM,63,14.3
2,SM,64,1.66
2,SM,65,4.84
2,SM,66,34.7
2,SM,67,35.6
2,SM,68,22.2
2,SM,69,18.0
2,SM,70,17.7
2,SM,71,45.7
2,SM,72,73.1
2,SM,73,39.7
2,SM,74,10.2
2,SM,75,4.45
2,SM,76,1.72
2,SM,77,15.9
2,SM,78,5.89
2,SM,79,43.7
2,SM,80,50.8
2,SM,81,41.9
2,SM,82,25.4
2,SM,83,40.2
2,SM,84,72.2
2,SM,85,114
2,SM,86,141
2,SM,87,158
2,SM,88,194
2,SM,89,163
2,SM,90,150
2,SM,91,217
2,SM,92,221
2,SM,93,190
2,SM,94,211
2,SM,95,194
2,SM,96,219
2,SM,97,210
2,SM,98,161
2,SM,99,108
2,SM,100,61.2
2,SM,101,73.1
2,SM,102,142
2,SM,103,115
2,SM,104,85.9
2,SM,105,61.4
2,SM,106,34.0
2,SM,107,11.0
2,SM,108,18.0
2,SM,109,11.4
2,SM,110,1.79
2,SM,111,21.5
2,SM,112,22.7
2,SM,113,44.5
2,SM,114,4.55
2,SM,115,26.0
2,SM,116,17.5
2,SM,117,11.4
2,SM,118,26.5
2,SM,119,12.4
2,SM,120,35.9
2,SM,121,21.0
2,SM,122,15.1
2,SM,123,2.55
2,SM,124,58.2
2,SM,127,81.0
2,SM,128,27.6
2,SM,130,56.1
2,SM,131,48.4
2,SM,132,19.1
2,SM,133,12.4
2,SM,134,1.59
2,SM,135,34.5
2,SM,136,26.5
2,SM,137,35.5
2,SM,138,38.4
2,SM,139,89.8
2,SM,141,76.4
2,SM,142,39.5
2,SM,143,41.8
2,SM,144,2.79
2,SM,145,10.0
2,SM,146,7.30
2,SM,147,2.11
2,SM,148,1.89
2,SM,149,32.3
2,SM,150,27.8
2,SM,151,22.8
2,SM,152,30.9
2,SM,154,66.2
2,SM,155,76.9
2,SM,156,16.7
2,SM,157,2.39
2,SM,159,6.69
2,SM,160,1.57
2,SM,161,44.6
2,SM,162,1.54
2,SM,163,28.8
2,SM,164,67.9
2,SM,166,82.6
2,SM,167,52.8
2,SM,168,64.6
2,SM,169,60.1
2,SM,170,48.7
2,SM,171,23.8
2,SM,172,25.1
2,SM,175,14.3
2,SM,176,6.25
2,SM,177,1.63
2,SM,178,15.7
2,SM,179,4.96
2,SM,180,11.3
2,SM,181,1.69
2,SM,182,16.1
2,SM,183,21.3
2,SM,184,39.3
2,SM,185,56.2
2,SM,186,52.0
2,SM,187,52.3
2,SM,189,23.2
2,SM,190,1.69
2,SM,191,14.0
2,SM,192,1.71
2,SM,194,1.72
2,SM,195,26.9
2,SM,196,115
2,SM,197,66.8
2,SM,198,56.2
2,SM,199,67.7
2,SM,200,65.4
2,SM,201,37.5
2,SM,202,30.7
2,SM,204,10.4
2,SM,205,17.8
2,SM,206,19.4
2,SM,207,14.2
2,SM,209,60.4
2,SM,210,57.0
2,SM,212,9.25
2,SM,213,1.70
2,SM,215,36.5
2,SM,216,24.1
2,SM,217,18.3
2,SM,218,62.3
2,SM,219,35.3
2,SM,220,52.0
2,SM,221,74.2
2,SM,222,80.6
2,SM,224,46.7
2,SM,225,54.4
2,SM,226,54.5
2,SM,227,78.4
2,SM,228,64.9
2,SM,229,42.4
2,SM,230,78.4
2,SM,232,43.5
2,SM,233,29.9
2,SM,234,9.73
2,SM,235,36.5
2,SM,236,60.6
2,SM,237,29.2
2,SM,239,1.71
2,SM,240,25.5
2,SM,241,21.9
2,SM,242,49.0
2,SM,243,28.0
2,SM,244,4.71
2,SM,245,12.3
2,SM,247,32.3
2,SM,249,24.7
2,SM,250,50.2
2,SM,251,91.1
2,SM,252,119
2,SM,254,77.5
2,SM,257,117
2,SM,258,157
2,SM,260,133
2,SM,261,110
2,SM,262,138
2,SM,263,85.9
2,SM,264,33.0
2,SM,265,26.4
2,SM,266,1.86
2,SM,267,31.3
2,SM,269,10.8
2,SM,272,48.5
2,SM,273,32.1
2,SM,274,18.6
2,SM,275,25.6
2,SM,276,50.2
2,SM,277,102
2,SM,279,51.6
2,SM,280,31.1
2,SM,281,1.79
2,SM,284,29.5
2,SM,285,41.7
2,SM,287,24.5
2,SM,289,11.1
2,SM,290,9.70
2,SM,291,39.2
2,SM,292,25.6
2,SM,294,19.0
2,SM,295,18.2
2,SM,296,96.9
2,SM,297,65.9
2,SM,298,39.7
2,SM,299,1.59
2,SM,300,19.5
2,SM,301,18.8
2,SM,302,7.80
2,SM,304,24.6
2,SM,305,42.0
2,SM,306,29.9
2,SM,307,71.4
2,SM,309,63.5
2,SM,310,92.5
2,SM,311,109
2,SM,312,117
2,SM,314,74.8
2,SM,315,84.7
2,SM,316,7.34
2,SM,317,27.5
2,SM,318,37.0
2,SM,319,1.90
2,SM,320,12.3
2,SM,321,14.3
2,SM,322,5.01
2,SM,323,34.6
2,SM,324,7.62
2,SM,325,19.6
2,SM,327,59.5
2,SM,329,59.0
2,SM,330,74.5
2,SM,331,85.0
2,SM,332,159
2,SM,334,121
2,SM,335,137
2,SM,336,99.8
2,SM,337,122
2,SM,338,134
2,SM,339,95.8
2,SM,340,98.8
2,SM,341,48.1
2,SM,342,21.8
2,SM,343,64.3
2,SM,344,67.6
2,SM,345,60.8
2,SM,346,59.5
2,SM,347,39.4
2,SM,349,16.8
2,SM,350,47.9
2,SM,351,21.9
2,SM,352,26.0
2,SM,354,4.99
2,SM,355,18.8
2,SM,356,28.3
2,SM,357,34.0
2,SM,358,19.3
2,SM,359,11.7
2,SM,360,34.0
2,SM,361,25.4
2,SM,362,8.74
2,SM,363,4.31
2,SM,364,23.6
2,SM,365,32.3
2,SM,367,18.8
2,SM,368,9.21
2,SM,369,21.5
2,SM,370,8.90
2,SM,371,1.79
2,SM,372,19.9
2,SM,373,5.18
2,SM,374,7.40
2,SM,375,6.95
2,SM,376,43.8
2,SM,377,27.3
2,SM,378,2.00
2,SM,379,29.4
2,SM,380,37.6
2,SM,381,23.0
2,SM,382,39.2
2,SM,383,81.4
2,SM,384,29.1
2,SM,385,12.0
2,SM,386,29.2
2,SM,387,27.6
2,SM,388,51.6
2,SM,389,56.3
2,SM,390,38.8
2,SM,391,44.6
2,SM,392,47.2
2,SM,394,8.99
2,SM,395,56.2
2,SM,396,48.0
2,SM,397,62.8
2,SM,398,71.5
2,SM,399,40.7
2,SM,400,15.5
2,SM,401,29.3
2,SM,402,16.0
2,SM,403,62.6
2,SM,404,51.0
2,SM,405,93.3
2,SM,406,123
2,SM,407,115
2,SM,408,89.9
2,SM,409,105
2,SM,411,107
2,SM,412,118
2,SM,413,120
2,SM,414,101
2,SM,415,96.3
2,SM,416,107
2,SM,417,140
2,SM,418,193
2,SM,419,212
2,SM,420,225
2,SM,421,176
2,SM,422,188
2,SM,423,151
2,SM,424,118
2,SM,425,120
2,SM,427,79.8
2,SM,428,70.3
2,SM,429,61.4
2,SM,430,53.4
2,SM,431,10.7
2,SM,432,31.7
2,SM,433,3.09
2,SM,434,36.7
2,SM,435,55.4
2,SM,436,46.0
2,SM,437,90.4
2,SM,438,58.8
2,SM,439,31.1
2,SM,440,17.6
2,SM,441,41.1
2,SM,442,26.2
2,SM,444,8.95
2,SM,445,16.1
2,SM,446,28.2
2,SM,447,44.6
2,SM,448,139
2,SM,449,125
2,SM,451,129
2,SM,452,144
2,SM,453,143
2,SM,454,155
2,SM,455,206
2,SM,456,188
2,SM,457,165
2,SM,458,133
2,SM,459,126
2,SM,460,136
2,SM,461,139
2,SM,462,111
2,SM,463,128
2,SM,464,104
2,SM,465,133
2,SM,466,142
2,SM,468,168
2,SM,471,149
2,SM,472,136
2,SM,474,167
2,SM,475,134
2,SM,476,130
2,SM,477,117
2,SM,478,96.1
2,SM,479,34.2
2,SM,480,48.0
2,SM,481,9.50
2,SM,482,14.4
2,SM,483,32.5
2,SM,484,28.9
2,SM,485,20.6
2,SM,486,15.0
2,SM,487,57.1
2,SM,488,50.8
2,SM,489,28.8
2,SM,490,43.7
2,SM,492,14.8
2,SM,493,32.8
2,SM,494,7.41
2,SM,495,9.32
2,SM,496,12.2
2,SM,497,13.4
2,SM,498,12.4
2,SM,499,25.0
2,SM,500,30.5
2,SM,501,3.23
2,SM,502,22.6
2,SM,503,20.0
2,SM,504,7.03
2,SM,505,44.1
2,SM,506,41.0
2,SM,507,71.0
2,SM,508,102
2,SM,509,47.5
2,SM,510,59.0
2,SM,511,81.5
2,SM,512,67.4
2,SM,513,32.1
2,SM,514,18.3
2,SM,515,37.8
2,SM,516,11.6
2,SM,517,54.1
2,SM,518,40.5
2,SM,519,5.92
2,SM,520,14.2
2,SM,521,38.7
2,SM,522,33.7
2,SM,523,31.2
2,SM,524,34.7
2,SM,525,36.1
2,SM,526,27.4
2,SM,527,40.7
2,SM,528,30.4
2,SM,529,36.9
2,SM,530,32.6
2,SM,531,5.57
2,SM,532,27.6
2,SM,533,18.3
2,SM,534,14.6
2,SM,536,1.53
2,SM,537,45.3
2,SM,538,90.0
2,SM,539,64.6
2,SM,540,71.0
2,SM,541,38.4
2,SM,542,14.0
2,SM,543,20.1
2,SM,544,11.5
2,SM,545,8.39
2,SM,546,6.44
2,SM,547,39.8
2,SM,548,17.6
2,SM,549,1.61
2,SM,550,26.1
2,SM,551,10.6
2,SM,552,12.2
2,SM,553,1.65
2,SM,554,34.5
2,SM,555,22.9
2,SM,556,19.8
2,SM,557,11.5
2,SM,558,10.3
2,SM,559,38.4
2,SM,560,46.9
2,SM,561,18.2
2,SM,562,40.9
2,SM,563,53.4
2,SM,564,1.75
2,SM,565,23.5
2,SM,566,35.6
2,SM,567,37.6
2,SM,568,94.7
2,SM,569,54.2
2,SM,570,13.5
2,SM,571,4.37
2,SM,572,4.59
2,SM,573,15.3
2,SM,574,6.44
2,SM,575,6.41
2,SM,577,20.1
2,SM,578,53.3
2,SM,579,79.5
2,SM,580,149
2,SM,581,170
2,SM,582,160
2,SM,583,152
2,SM,584,111
2,SM,585,114
2,SM,586,61.1
2,SM,587,16.2
2,SM,588,2.64
2,SM,589,7.47
2,SM,590,67.5
2,SM,591,35.8
2,SM,592,15.6
2,SM,593,3.09
2,SM,595,8.10
2,SM,596,30.4
2,SM,597,4.53
2,SM,598,36.3
2,SM,599,23.7
2,SM,600,50.8
2,SM,601,18.1
2,SM,602,47.0
2,SM,603,72.0
2,SM,604,101
2,SM,605,91.5
2,SM,606,59.8
2,SM,607,68.9
2,SM,608,82.3
2,SM,610,73.5
2,SM,611,46.7
2,SM,612,95.0
2,SM,614,95.2
2,SM,615,58.7
2,SM,617,49.4
2,SM,619,78.9
2,SM,620,94.6
2,SM,622,129
2,SM,623,141
2,SM,625,163
2,SM,627,196
2,SM,628,231
2,SM,629,251
2,SM,630,246
2,SM,632,227
2,SM,633,214
2,SM,634,178
2,SM,635,249
2,SM,636,233
2,SM,637,254
2,SM,638,266
2,SM,640,269
2,SM,641,232
2,SM,642,252
2,SM,643,259
2,SM,644,237
2,SM,645,243
2,SM,647,202
2,SM,648,184
2,SM,649,144
2,SM,650,128
2,SM,651,95.1
2,SM,652,99.3
2,SM,653,83.7
2,SM,656,38.1
2,SM,658,11.0
2,SM,659,2.11
2,SM,660,32.1
2,SM,662,59.7
2,SM,663,42.8
2,SM,664,88.2
2,SM,665,45.5
2,SM,666,31.6
2,SM,667,47.1
2,SM,668,53.7
2,SM,670,126
2,SM,671,112
2,SM,673,65.5
2,SM,674,44.0
2,SM,675,48.6
2,SM,676,33.3
2,SM,677,25.4
2,SM,678,16.5
2,SM,679,2.39
2,SM,680,4.75
2,SM,681,1.54
2,SM,682,22.1
2,SM,683,64.4
2,SM,685,14.2
2,SM,686,57.5
2,SM,688,66.5
2,SM,689,34.3
2,SM,690,14.0
2,SM,691,19.9
2,SM,692,37.4
2,SM,693,54.3
2,SM,694,63.8
2,SM,695,54.2
2,SM,696,79.5
2,SM,697,112
2,SM,698,119
2,SM,700,79.4
2,SM,701,43.7
2,SM,702,31.8
2,SM,703,46.1
2,SM,704,33.2
2,SM,705,30.6
2,SM,707,4.88
2,SM,708,15.0
2,SM,709,42.4
2,SM,710,81.8
2,SM,712,58.9
2,SM,713,34.3
2,SM,716,28.6
2,SM,717,39.5
2,SM,718,16.3
2,SM,719,18.6
2,SM,720,31.6
2,SM,721,13.4
2,SM,722,26.0
2,SM,723,1.76
2,SM,724,5.87
2,SM,725,30.4
2,SM,727,95.5
2,SM,728,131
2,SM,730,139
2,SM,731,201
2,SM,732,170
2,SM,733,143
2,SM,734,120
2,SM,735,95.0
2,SM,736,80.3
2,SM,737,96.6
2,SM,738,108
2,SM,739,104
2,SM,740,85.1
2,SM,742,108
2,SM,743,134
2,SM,745,90.7
2,SM,746,58.1
2,SM,747,53.1
2,SM,748,59.2
2,SM,750,36.4
2,SM,754,80.4
2,SM,755,109
2,SM,757,53.5
2,SM,758,65.2
2,SM,760,2.14
2,SM,761,5.12
2,SM,762,1.62
2,SM,763,58.7
2,SM,764,69.8
2,SM,765,87.1
2,SM,767,121
2,SM,768,120
2,SM,769,109
2,SM,770,112
2,SM,772,168
2,SM,775,155
2,SM,776,111
2,SM,777,191
2,SM,778,232
2,SM,779,193
2,SM,780,230
2,SM,781,182
2,SM,782,187
2,SM,783,159
2,SM,785,134
2,SM,786,95.1
2,SM,787,83.0
2,SM,790,73.6
2,SM,791,63.5
2,SM,792,37.5
2,SM,793,68.1
2,SM,794,23.9
2,SM,795,16.3
2,SM,796,1.58
2,SM,797,1.64
2,SM,798,1.69
2,SM,799,1.56
2,SM,800,14.6
2,SM,801,1.58
2,SM,802,1.59
2,SM,803,5.56
2,SM,805,23.1
2,SM,806,5.57
2,SM,807,53.6
2,SM,808,51.4
2,SM,809,60.1
2,SM,810,48.6
2,SM,811,29.1
2,SM,812,23.2
2,SM,813,82.5
2,SM,814,87.9
2,SM,815,63.3
2,SM,816,55.5
2,SM,817,69.5
2,SM,818,68.5
2,SM,820,51.6
2,SM,822,28.6
2,SM,823,36.0
2,SM,825,55.4
2,SM,826,44.6
2,SM,827,26.2
2,SM,828,50.4
2,SM,829,29.6
2,SM,830,16.6
2,SM,832,18.4
2,SM,833,39.8
2,SM,835,20.5
2,SM,836,25.8
2,SM,837,14.9
2,SM,838,9.94
2,SM,839,22.7
2,SM,840,25.7
2,SM,841,33.4
2,SM,842,37.5
2,SM,843,32.2
2,SM,844,56.1
2,SM,845,80.5
2,SM,846,46.3
2,SM,847,1.82
2,SM,848,21.6
2,SM,850,16.7
2,SM,852,25.1
2,SM,853,31.7
2,SM,854,20.7
2,SM,855,28.2
2,SM,856,2.09
2,SM,857,3.77
2,SM,858,20.1
2,SM,859,29.2
2,SM,860,22.7
2,SM,861,19.5
2,SM,862,22.7
2,SM,863,31.6
2,SM,865,8.20
2,SM,866,6.51
2,SM,867,65.1
2,SM,868,49.7
2,SM,869,54.3
2,SM,870,64.1
2,SM,873,22.7
2,SM,874,58.5
2,SM,875,59.2
2,SM,876,89.6
2,SM,877,83.5
2,SM,878,123
2,SM,880,76.5
2,SM,881,31.0
2,SM,882,6.99
2,SM,883,42.7
2,SM,884,18.5
2,SM,885,16.9
2,SM,886,13.8
2,SM,887,13.5
2,SM,888,3.79
2,SM,889,11.2
2,SM,890,13.4
2,SM,892,23.8
2,SM,893,10.6
2,SM,895,18.6
2,SM,896,9.40
2,SM,897,21.9
2,SM,898,10.8
2,SM,899,10.4
2,SM,900,60.6
2,SM,901,14.2
2,SM,902,10.1
2,SM,903,7.98
2,SM,904,56.8
2,SM,905,90.9
2,SM,906,84.9
2,SM,907,76.3
2,SM,908,86.5
2,SM,910,7.17
2,SM,912,12.6
2,SM,913,2.84
2,SM,914,44.7
2,SM,915,42.7
2,SM,916,16.4
2,SM,917,28.8
2,SM,919,20.2
2,SM,920,4.26
2,SM,921,1.71
2,SM,922,12.8
2,SM,923,84.8
2,SM,925,25.4
2,SM,926,14.8
2,SM,927,17.3
2,SM,928,19.9
2,SM,929,18.1
2,SM,930,1.60
2,SM,932,12.7
2,SM,933,42.4
2,SM,934,22.3
2,SM,935,26.6
2,SM,936,5.39
2,SM,937,25.3
2,SM,938,5.21
2,SM,940,22.9
2,SM,941,2.46
2,SM,942,26.3
2,SM,944,71.1
2,SM,946,116
2,SM,947,132
2,SM,948,126
2,SM,949,161
2,SM,951,160
2,SM,952,148
2,SM,955,245
2,SM,956,237
2,SM,957,252
2,SM,958,280
2,SM,959,323
2,SM,960,297
2,SM,961,291
2,SM,962,327
2,SM,963,330
2,SM,964,336
2,SM,965,350
2,SM,966,326
2,SM,967,337
2,SM,970,201
2,SM,972,219
2,SM,973,212
2,SM,974,209
2,SM,975,220
2,SM,977,193
2,SM,978,192
2,SM,979,172
2,SM,980,141
2,SM,981,162
2,SM,982,144
2,SM,985,120
2,SM,986,112
2,SM,988,167
2,SM,989,156
2,SM,990,116
2,SM,991,124
2,SM,992,118
2,SM,993,115
2,SM,994,107
2,SM,995,92.8
2,SM,997,102
2,SM,998,127
2,SM,1000,68.4
1,TDM,1,93.7
1,TDM,2,120
1,TDM,3,67.4
1,TDM,4,83.9
1,TDM,5,119
1,TDM,6,132
1,TDM,7,133
1,TDM,8,107
1,TDM,9,66.4
1,TDM,10,10.1
1,TDM,11,63.8
1,TDM,12,2.67
1,TDM,13,29.0
1,TDM,14,35.9
1,TDM,15,78.9
1,TDM,16,93.2
1,TDM,17,152
1,TDM,19,184
1,TDM,22,215
1,TDM,23,184
1,TDM,24,219
1,TDM,25,234
1,TDM,26,151
1,TDM,27,142
1,TDM,28,88.1
1,TDM,29,205
1,TDM,31,162
1,TDM,32,157
1,TDM,33,128
1,TDM,34,101
1,TDM,35,68.7
1,TDM,36,47.1
1,TDM,37,24.1
1,TDM,38,61.0
1,TDM,39,78.1
1,TDM,40,138
1,TDM,41,138
1,TDM,43,174
1,TDM,45,142
1,TDM,46,199
1,TDM,47,212
1,TDM,49,203
1,TDM,50,153
1,TDM,51,100
1,TDM,52,157
1,TDM,53,194
1,TDM,54,161
1,TDM,55,175
1,TDM,56,159
1,TDM,58,181
1,TDM,59,187
1,TDM,60,171
1,TDM,61,155
1,TDM,62,142
1,TDM,63,174
1,TDM,64,154
1,TDM,65,158
1,TDM,67,114
1,TDM,68,181
1,TDM,69,194
1,TDM,70,163
1,TDM,72,211
1,TDM,73,196
1,TDM,74,193
1,TDM,75,221
1,TDM,76,221
1,TDM,77,225
1,TDM,78,267
1,TDM,79,212
1,TDM,82,92.8
1,TDM,83,86.9
1,TDM,84,99.8
1,TDM,85,55.5
1,TDM,86,56.1
1,TDM,87,73.0
1,TDM,88,2.53
1,TDM,89,32.4
1,TDM,90,56.0
1,TDM,91,2.46
1,TDM,92,76.2
1,TDM,93,107
1,TDM,94,147
1,TDM,95,159
1,TDM,98,132
1,TDM,99,123
1,TDM,101,107
1,TDM,102,52.7
1,TDM,104,39.7
1,TDM,105,63.3
1,TDM,106,12.7
1,TDM,107,79.2
1,TDM,108,143
1,TDM,109,112
1,TDM,110,100
1,TDM,112,57.6
1,TDM,113,8.52
1,TDM,114,42.1
1,TDM,115,33.8
1,TDM,116,63.8
1,TDM,117,60.1
1,TDM,118,26.2
1,TDM,119,24.3
1,TDM,120,40.3
1,TDM,121,20.5
1,TDM,122,61.3
1,TDM,123,106
1,TDM,124,69.5
1,TDM,125,31.4
1,TDM,127,2.33
1,TDM,128,18.9
1,TDM,129,9.56
1,TDM,130,46.6
1,TDM,131,78.5
1,TDM,132,34.8
1,TDM,133,8.52
1,TDM,134,58.8
1,TDM,135,37.3
1,TDM,136,8.70
1,TDM,137,2.52
1,TDM,139,2.50
1,TDM,142,19.5
1,TDM,143,64.3
1,TDM,144,76.8
1,TDM,145,135
1,TDM,147,90.7
1,TDM,149,2.47
1,TDM,150,80.1
1,TDM,151,55.4
1,TDM,152,122
1,TDM,153,96.1
1,TDM,154,91.7
1,TDM,157,41.4
1,TDM,158,21.3
1,TDM,159,11.7
1,TDM,160,90.3
1,TDM,161,130
1,TDM,162,102
1,TDM,164,9.44
1,TDM,165,14.4
1,TDM,166,4.98
1,TDM,167,6.91
1,TDM,168,49.0
1,TDM,169,12.0
1,TDM,172,43.2
1,TDM,173,4.44
1,TDM,174,115
1,TDM,175,95.6
1,TDM,176,87.2
1,TDM,177,32.3
1,TDM,178,14.6
1,TDM,179,21.2
1,TDM,180,6.39
1,TDM,181,21.7
1,TDM,182,2.47
1,TDM,183,12.1
1,TDM,184,71.2
1,TDM,185,99.3
1,TDM,187,130
1,TDM,188,59.5
1,TDM,189,43.7
1,TDM,190,3.58
1,TDM,191,11.3
1,TDM,192,28.7
1,TDM,193,31.8
1,TDM,194,34.8
1,TDM,195,76.3
1,TDM,196,90.3
1,TDM,197,131
1,TDM,198,81.7
1,TDM,199,99.4
1,TDM,200,112
1,TDM,202,145
1,TDM,203,132
1,TDM,204,114
1,TDM,205,91.9
1,TDM,206,134
1,TDM,207,134
1,TDM,208,82.2
1,TDM,210,36.8
1,TDM,211,45.4
1,TDM,212,10.0
1,TDM,214,29.2
1,TDM,215,20.2
1,TDM,217,72.0
1,TDM,218,58.2
1,TDM,219,4.09
1,TDM,220,68.7
1,TDM,221,76.1
1,TDM,222,117
1,TDM,224,220
1,TDM,225,289
1,TDM,226,334
1,TDM,230,353
1,TDM,232,386
1,TDM,233,363
1,TDM,234,381
1,TDM,235,371
1,TDM,237,494
1,TDM,238,467
1,TDM,239,463
1,TDM,240,506
1,TDM,241,471
1,TDM,242,446
1,TDM,243,434
1,TDM,245,319
1,TDM,247,215
1,TDM,248,236
1,TDM,249,186
1,TDM,250,183
1,TDM,251,116
1,TDM,252,156
1,TDM,255,49.9
1,TDM,256,8.13
1,TDM,257,3.38
1,TDM,258,32.2
1,TDM,259,25.4
1,TDM,260,24.2
1,TDM,263,43.6
1,TDM,264,72.4
1,TDM,265,59.9
1,TDM,266,102
1,TDM,267,63.8
1,TDM,268,27.3
1,TDM,269,72.9
1,TDM,270,21.6
1,TDM,271,24.9
1,TDM,272,13.2
1,TDM,273,88.6
1,TDM,274,44.0
1,TDM,275,105
1,TDM,277,70.2
1,TDM,278,56.2
1,TDM,279,107
1,TDM,280,93.6
1,TDM,282,84.5
1,TDM,283,18.5
1,TDM,284,16.2
1,TDM,285,20.5
1,TDM,286,29.8
1,TDM,287,81.9
1,TDM,288,55.5
1,TDM,290,69.5
1,TDM,292,2.55
1,TDM,293,12.0
1,TDM,294,2.66
1,TDM,295,10.7
1,TDM,296,47.5
1,TDM,297,88.4
1,TDM,298,154
1,TDM,299,114
1,TDM,300,113
1,TDM,301,105
1,TDM,302,92.3
1,TDM,303,71.6
1,TDM,304,40.2
1,TDM,307,12.3
1,TDM,308,16.1
1,TDM,309,34.0
1,TDM,310,29.1
1,TDM,311,71.3
1,TDM,312,88.0
1,TDM,313,90.0
1,TDM,315,157
1,TDM,316,209
1,TDM,317,199
1,TDM,318,290
1,TDM,320,366
1,TDM,322,333
1,TDM,323,372
1,TDM,325,330
1,TDM,326,266
1,TDM,327,207
1,TDM,328,186
1,TDM,330,258
1,TDM,331,272
1,TDM,332,237
1,TDM,333,269
1,TDM,334,301
1,TDM,335,279
1,TDM,337,277
1,TDM,338,236
1,TDM,339,211
1,TDM,340,173
1,TDM,341,188
1,TDM,342,146
1,TDM,343,151
1,TDM,344,97.7
1,TDM,345,74.3
1,TDM,346,41.1
1,TDM,347,24.4
1,TDM,348,13.2
1,TDM,349,40.7
1,TDM,350,15.0
1,TDM,352,9.82
1,TDM,354,94.1
1,TDM,355,70.7
1,TDM,356,108
1,TDM,357,72.2
1,TDM,358,64.0
1,TDM,359,17.4
1,TDM,360,66.8
1,TDM,361,8.65
1,TDM,362,109
1,TDM,363,83.0
1,TDM,364,68.3
1,TDM,365,43.2
1,TDM,367,131
1,TDM,368,177
1,TDM,369,167
1,TDM,370,144
1,TDM,371,168
1,TDM,373,180
1,TDM,374,146
1,TDM,375,159
1,TDM,376,158
1,TDM,377,174
1,TDM,378,227
1,TDM,379,131
1,TDM,380,155
1,TDM,382,267
1,TDM,383,261
1,TDM,384,270
1,TDM,386,204
1,TDM,387,209
1,TDM,389,151
1,TDM,390,167
1,TDM,391,177
1,TDM,392,226
1,TDM,393,194
1,TDM,395,228
1,TDM,397,108
1,TDM,398,82.0
1,TDM,399,75.5
1,TDM,400,51.7
1,TDM,401,44.3
1,TDM,402,32.8
1,TDM,403,2.70
1,TDM,404,7.55
1,TDM,406,13.2
1,TDM,407,2.54
1,TDM,409,43.3
1,TDM,410,23.2
1,TDM,412,6.29
1,TDM,413,102
1,TDM,414,135
1,TDM,415,99.6
1,TDM,416,75.2
1,TDM,417,113
1,TDM,418,63.4
1,TDM,419,58.8
1,TDM,421,24.2
1,TDM,422,4.83
1,TDM,423,20.8
1,TDM,425,46.5
1,TDM,427,45.4
1,TDM,429,25.7
1,TDM,430,27.9
1,TDM,431,2.94
1,TDM,432,3.62
1,TDM,433,5.28
1,TDM,434,24.6
1,TDM,435,13.6
1,TDM,436,11.2
1,TDM,437,16.2
1,TDM,439,5.76
1,TDM,440,2.34
1,TDM,442,31.2
1,TDM,443,8.58
1,TDM,444,2.46
1,TDM,449,2.40
1,TDM,450,35.1
1,TDM,451,74.9
1,TDM,452,48.9
1,TDM,453,2.54
1,TDM,454,98.2
1,TDM,455,74.8
1,TDM,457,136
1,TDM,458,173
1,TDM,459,89.3
1,TDM,460,86.0
1,TDM,461,56.3
1,TDM,462,3.09
1,TDM,464,64.4
1,TDM,465,108
1,TDM,466,68.9
1,TDM,467,43.3
1,TDM,468,5.73
1,TDM,469,37.5
1,TDM,470,6.40
1,TDM,472,131
1,TDM,473,121
1,TDM,474,102
1,TDM,475,22.6
1,TDM,476,28.7
1,TDM,477,25.3
1,TDM,478,15.1
1,TDM,479,7.42
1,TDM,480,21.6
1,TDM,481,10.4
1,TDM,482,46.6
1,TDM,483,81.2
1,TDM,484,61.8
1,TDM,485,33.5
1,TDM,487,58.1
1,TDM,488,57.2
1,TDM,489,6.32
1,TDM,490,36.1
1,TDM,491,25.0
1,TDM,492,31.3
1,TDM,493,2.66
1,TDM,494,38.2
1,TDM,495,43.9
1,TDM,497,101
1,TDM,499,140
1,TDM,500,182
1,TDM,503,235
1,TDM,504,270
1,TDM,505,309
1,TDM,506,347
1,TDM,507,318
1,TDM,508,291
1,TDM,509,290
1,TDM,510,281
1,TDM,511,343
1,TDM,512,289
1,TDM,513,312
1,TDM,514,377
1,TDM,515,353
1,TDM,517,303
1,TDM,518,245
1,TDM,519,264
1,TDM,521,319
1,TDM,522,261
1,TDM,523,225
1,TDM,524,259
1,TDM,525,240
1,TDM,526,275
1,TDM,527,219
1,TDM,528,212
1,TDM,529,184
1,TDM,532,91.9
1,TDM,533,159
1,TDM,534,113
1,TDM,535,97.7
1,TDM,536,185
1,TDM,537,234
1,TDM,538,190
1,TDM,539,112
1,TDM,540,88.3
1,TDM,541,87.1
1,TDM,543,54.2
1,TDM,544,34.2
1,TDM,545,144
1,TDM,547,128
1,TDM,548,30.7
1,TDM,549,26.4
1,TDM,550,16.7
1,TDM,551,2.41
1,TDM,552,77.4
1,TDM,553,93.6
1,TDM,554,123
1,TDM,555,161
1,TDM,556,172
1,TDM,557,141
1,TDM,559,72.5
1,TDM,560,86.3
1,TDM,562,18.6
1,TDM,563,34.4
1,TDM,564,96.8
1,TDM,565,77.5
1,TDM,567,93.7
1,TDM,569,66.2
1,TDM,570,32.4
1,TDM,571,5.78
1,TDM,572,41.5
1,TDM,574,2.39
1,TDM,575,82.6
1,TDM,577,2.68
1,TDM,578,47.3
1,TDM,579,55.0
1,TDM,580,79.9
1,TDM,581,22.5
1,TDM,582,24.4
1,TDM,584,48.2
1,TDM,585,111
1,TDM,586,82.5
1,TDM,587,88.3
1,TDM,589,100
1,TDM,590,105
1,TDM,592,43.4
1,TDM,594,80.3
1,TDM,595,70.9
1,TDM,597,103
1,TDM,599,89.1
1,TDM,600,130
1,TDM,601,52.0
1,TDM,602,79.3
1,TDM,604,159
1,TDM,605,102
1,TDM,607,109
1,TDM,608,111
1,TDM,609,78.4
1,TDM,610,42.6
1,TDM,611,85.4
1,TDM,612,117
1,TDM,614,80.1
1,TDM,616,54.6
1,TDM,617,73.3
1,TDM,618,59.2
1,TDM,619,67.1
1,TDM,620,88.5
1,TDM,622,73.8
1,TDM,623,39.8
1,TDM,624,71.1
1,TDM,625,58.9
1,TDM,626,42.3
1,TDM,627,95.0
1,TDM,628,94.3
1,TDM,629,73.2
1,TDM,631,171
1,TDM,632,131
1,TDM,634,239
1,TDM,637,174
1,TDM,638,119
1,TDM,639,45.6
1,TDM,641,81.4
1,TDM,642,89.2
1,TDM,643,114
1,TDM,644,150
1,TDM,645,88.3
1,TDM,646,43.0
1,TDM,647,2.64
1,TDM,648,34.0
1,TDM,649,13.2
1,TDM,650,5.36
1,TDM,652,31.4
1,TDM,653,31.7
1,TDM,654,52.0
1,TDM,655,39.2
1,TDM,656,71.6
1,TDM,657,29.0
1,TDM,658,37.5
1,TDM,659,56.1
1,TDM,660,71.0
1,TDM,661,78.1
1,TDM,662,118
1,TDM,664,194
1,TDM,665,149
1,TDM,667,229
1,TDM,668,274
1,TDM,669,266
1,TDM,670,230
1,TDM,671,228
1,TDM,672,225
1,TDM,674,160
1,TDM,675,147
1,TDM,676,141
1,TDM,677,147
1,TDM,679,165
1,TDM,682,214
1,TDM,683,234
1,TDM,684,261
1,TDM,685,271
1,TDM,686,296
1,TDM,687,272
1,TDM,688,250
1,TDM,689,273
1,TDM,690,211
1,TDM,691,232
1,TDM,692,270
1,TDM,694,284
1,TDM,695,338
1,TDM,697,299
1,TDM,698,324
1,TDM,699,353
1,TDM,700,295
1,TDM,701,263
1,TDM,702,281
1,TDM,704,267
1,TDM,705,268
1,TDM,706,271
1,TDM,707,254
1,TDM,708,217
1,TDM,709,233
1,TDM,710,224
1,TDM,713,149
1,TDM,714,122
1,TDM,715,129
1,TDM,716,70.1
1,TDM,717,58.7
1,TDM,718,2.43
1,TDM,719,42.9
1,TDM,720,69.1
1,TDM,721,54.6
1,TDM,722,2.51
1,TDM,723,11.6
1,TDM,724,12.3
1,TDM,725,61.8
1,TDM,727,118
1,TDM,728,60.7
1,TDM,729,34.1
1,TDM,730,2.62
1,TDM,731,6.78
1,TDM,732,35.5
1,TDM,733,62.6
1,TDM,734,91.1
1,TDM,735,125
1,TDM,736,111
1,TDM,737,106
1,TDM,740,56.2
1,TDM,742,74.7
1,TDM,743,41.0
1,TDM,744,38.2
1,TDM,745,80.6
1,TDM,747,44.7
1,TDM,748,53.4
1,TDM,749,70.4
1,TDM,750,58.7
1,TDM,751,85.0
1,TDM,752,135
1,TDM,754,181
1,TDM,755,221
1,TDM,757,167
1,TDM,758,130
1,TDM,759,164
1,TDM,760,140
1,TDM,761,149
1,TDM,762,130
1,TDM,764,206
1,TDM,765,188
1,TDM,766,160
1,TDM,767,150
1,TDM,769,105
1,TDM,770,169
1,TDM,772,123
1,TDM,774,74.6
1,TDM,775,25.0
1,TDM,776,10.7
1,TDM,777,17.6
1,TDM,779,24.6
1,TDM,780,83.2
1,TDM,781,66.7
1,TDM,782,100
1,TDM,784,99.5
1,TDM,785,74.4
1,TDM,788,85.6
1,TDM,789,30.6
1,TDM,790,53.1
1,TDM,791,30.2
1,TDM,792,41.7
1,TDM,794,75.1
1,TDM,795,91.2
1,TDM,796,92.8
1,TDM,800,2.45
1,TDM,802,15.9
1,TDM,803,40.7
1,TDM,805,35.9
1,TDM,807,111
1,TDM,808,126
1,TDM,809,191
1,TDM,810,216
1,TDM,811,185
1,TDM,812,179
1,TDM,813,170
1,TDM,814,153
1,TDM,815,173
1,TDM,817,267
1,TDM,818,214
1,TDM,819,238
1,TDM,820,200
1,TDM,821,208
1,TDM,822,221
1,TDM,823,201
1,TDM,824,213
1,TDM,826,100
1,TDM,827,85.1
1,TDM,828,94.0
1,TDM,829,60.4
1,TDM,830,46.7
1,TDM,832,2.35
1,TDM,833,2.92
1,TDM,834,2.37
1,TDM,835,13.6
1,TDM,836,19.6
1,TDM,837,14.3
1,TDM,838,9.17
1,TDM,839,6.25
1,TDM,840,34.2
1,TDM,841,26.7
1,TDM,842,14.8
1,TDM,844,8.25
1,TDM,845,21.9
1,TDM,847,4.83
1,TDM,848,16.9
1,TDM,849,28.3
1,TDM,850,11.6
1,TDM,851,27.3
1,TDM,852,2.32
1,TDM,853,11.6
1,TDM,854,76.5
1,TDM,855,88.0
1,TDM,856,104
1,TDM,857,110
1,TDM,859,113
1,TDM,860,124
1,TDM,862,99.3
1,TDM,863,180
1,TDM,864,203
1,TDM,865,185
1,TDM,866,227
1,TDM,867,196
1,TDM,868,183
1,TDM,869,156
1,TDM,870,107
1,TDM,871,73.1
1,TDM,872,168
1,TDM,874,107
1,TDM,875,68.4
1,TDM,877,15.8
1,TDM,878,44.8
1,TDM,879,5.99
1,TDM,880,43.5
1,TDM,881,71.3
1,TDM,884,195
1,TDM,885,259
1,TDM,886,323
1,TDM,887,324
1,TDM,888,301
1,TDM,889,330
1,TDM,890,323
1,TDM,893,154
1,TDM,894,115
1,TDM,895,110
1,TDM,896,107
1,TDM,897,98.2
1,TDM,899,44.2
1,TDM,900,2.45
1,TDM,901,12.6
1,TDM,902,46.0
1,TDM,905,9.64
1,TDM,907,72.1
1,TDM,908,32.6
1,TDM,909,61.9
1,TDM,910,61.1
1,TDM,911,84.5
1,TDM,912,84.7
1,TDM,914,94.9
1,TDM,915,82.7
1,TDM,916,142
1,TDM,917,252
1,TDM,919,252
1,TDM,923,157
1,TDM,924,167
1,TDM,925,231
1,TDM,926,232
1,TDM,927,267
1,TDM,928,282
1,TDM,929,306
1,TDM,930,273
1,TDM,931,267
1,TDM,932,282
1,TDM,934,213
1,TDM,937,261
1,TDM,938,211
1,TDM,939,179
1,TDM,940,125
1,TDM,941,102
1,TDM,942,161
1,TDM,943,170
1,TDM,944,136
1,TDM,945,163
1,TDM,946,132
1,TDM,947,152
1,TDM,949,162
1,TDM,952,152
1,TDM,953,129
1,TDM,954,151
1,TDM,955,128
1,TDM,956,132
1,TDM,957,108
1,TDM,958,73.3
1,TDM,959,13.1
1,TDM,960,2.73
1,TDM,961,71.8
1,TDM,962,93.2
1,TDM,964,124
1,TDM,967,108
1,TDM,968,42.1
1,TDM,969,139
1,TDM,970,157
1,TDM,971,175
1,TDM,972,176
1,TDM,973,141
1,TDM,974,181
1,TDM,975,170
1,TDM,976,175
1,TDM,977,247
1,TDM,978,275
1,TDM,979,321
1,TDM,980,304
1,TDM,982,295
1,TDM,983,251
1,TDM,984,393
1,TDM,985,377
1,TDM,986,339
1,TDM,987,386
1,TDM,989,457
1,TDM,990,404
1,TDM,993,422
1,TDM,994,410
1,TDM,995,414
1,TDM,997,310
1,TDM,998,329
1,TDM,999,287
1,TDM,1000,276
2,TDM,1,77.7
2,TDM,2,74.9
2,TDM,3,98.8
2,TDM,4,41.0
2,TDM,5,2.35
2,TDM,6,71.1
2,TDM,7,59.2
2,TDM,8,80.2
2,TDM,9,90.0
2,TDM,11,18.7
2,TDM,12,22.4
2,TDM,13,18.2
2,TDM,14,28.6
2,TDM,16,84.8
2,TDM,18,25.5
2,TDM,19,2.93
2,TDM,21,2.55
2,TDM,22,22.6
2,TDM,23,6.87
2,TDM,24,91.7
2,TDM,25,189
2,TDM,26,210
2,TDM,27,310
2,TDM,28,349
2,TDM,29,332
2,TDM,30,406
2,TDM,31,365
2,TDM,32,328
2,TDM,33,290
2,TDM,34,275
2,TDM,35,243
2,TDM,36,294
2,TDM,37,295
2,TDM,39,367
2,TDM,40,345
2,TDM,41,315
2,TDM,42,272
2,TDM,43,214
2,TDM,44,155
2,TDM,45,177
2,TDM,47,254
2,TDM,48,264
2,TDM,49,243
2,TDM,50,251
2,TDM,51,288
2,TDM,52,318
2,TDM,53,283
2,TDM,54,281
2,TDM,55,262
2,TDM,57,205
2,TDM,58,220
2,TDM,59,195
2,TDM,60,154
2,TDM,61,110
2,TDM,62,89.3
2,TDM,64,30.4
2,TDM,65,82.9
2,TDM,66,75.2
2,TDM,67,89.9
2,TDM,68,60.6
2,TDM,71,18.0
2,TDM,73,96.6
2,TDM,75,56.1
2,TDM,76,41.1
2,TDM,77,2.38
2,TDM,78,2.40
2,TDM,79,71.1
2,TDM,80,95.2
2,TDM,81,16.0
2,TDM,82,95.9
2,TDM,83,46.8
2,TDM,84,9.12
2,TDM,85,10.7
2,TDM,86,54.8
2,TDM,87,82.2
2,TDM,88,88.2
2,TDM,89,39.5
2,TDM,90,10.1
2,TDM,91,53.0
2,TDM,93,118
2,TDM,95,148
2,TDM,96,172
2,TDM,97,142
2,TDM,98,100
2,TDM,99,95.8
2,TDM,100,123
2,TDM,101,96.7
2,TDM,102,131
2,TDM,103,76.2
2,TDM,104,24.5
2,TDM,105,26.8
2,TDM,106,62.4
2,TDM,107,37.6
2,TDM,108,24.1
2,TDM,109,9.37
2,TDM,110,2.40
2,TDM,111,9.39
2,TDM,112,34.4
2,TDM,113,54.7
2,TDM,114,58.1
2,TDM,115,36.8
2,TDM,116,62.6
2,TDM,117,10.3
2,TDM,118,16.9
2,TDM,119,36.3
2,TDM,120,31.0
2,TDM,121,84.7
2,TDM,123,82.1
2,TDM,124,20.2
2,TDM,125,53.5
2,TDM,126,75.4
2,TDM,127,76.2
2,TDM,128,169
2,TDM,129,206
2,TDM,130,152
2,TDM,131,122
2,TDM,133,58.7
2,TDM,134,79.3
2,TDM,135,30.2
2,TDM,136,3.05
2,TDM,137,8.39
2,TDM,138,10.5
2,TDM,139,29.3
2,TDM,140,30.6
2,TDM,141,31.5
2,TDM,143,2.49
2,TDM,144,36.7
2,TDM,146,36.0
2,TDM,147,72.2
2,TDM,149,107
2,TDM,150,111
2,TDM,151,152
2,TDM,152,158
2,TDM,153,163
2,TDM,154,200
2,TDM,156,102
2,TDM,157,2.59
2,TDM,158,35.3
2,TDM,160,54.8
2,TDM,161,2.34
2,TDM,162,4.09
2,TDM,164,35.8
2,TDM,165,35.3
2,TDM,166,133
2,TDM,167,65.3
2,TDM,168,22.1
2,TDM,169,38.8
2,TDM,170,2.91
2,TDM,171,25.0
2,TDM,172,68.6
2,TDM,173,85.5
2,TDM,174,36.3
2,TDM,175,5.47
2,TDM,176,51.8
2,TDM,177,65.9
2,TDM,178,51.8
2,TDM,179,21.9
2,TDM,180,4.12
2,TDM,181,39.8
2,TDM,182,56.5
2,TDM,183,2.35
2,TDM,184,5.04
2,TDM,186,60.2
2,TDM,187,79.7
2,TDM,188,57.5
2,TDM,189,28.1
2,TDM,190,2.53
2,TDM,191,5.79
2,TDM,192,45.9
2,TDM,193,15.5
2,TDM,194,18.0
2,TDM,195,22.4
2,TDM,196,6.99
2,TDM,197,22.4
2,TDM,198,2.38
2,TDM,199,7.28
2,TDM,201,23.4
2,TDM,202,65.0
2,TDM,203,9.12
2,TDM,204,102
2,TDM,205,117
2,TDM,206,126
2,TDM,207,154
2,TDM,208,166
2,TDM,209,179
2,TDM,210,205
2,TDM,212,144
2,TDM,213,143
2,TDM,214,78.1
2,TDM,216,149
2,TDM,217,116
2,TDM,219,144
2,TDM,221,29.1
2,TDM,223,84.6
2,TDM,224,117
2,TDM,225,135
2,TDM,226,122
2,TDM,227,226
2,TDM,228,223
2,TDM,229,203
2,TDM,230,186
2,TDM,231,235
2,TDM,232,284
2,TDM,233,305
2,TDM,236,278
2,TDM,237,281
2,TDM,238,242
2,TDM,239,258
2,TDM,240,287
2,TDM,242,345
2,TDM,243,352
2,TDM,244,359
2,TDM,245,314
2,TDM,246,311
2,TDM,247,319
2,TDM,248,348
2,TDM,249,334
2,TDM,251,189
2,TDM,252,243
2,TDM,253,265
2,TDM,254,226
2,TDM,255,199
2,TDM,256,155
2,TDM,257,87.2
2,TDM,258,118
2,TDM,259,71.2
2,TDM,260,60.5
2,TDM,261,90.8
2,TDM,263,93.9
2,TDM,264,83.3
2,TDM,265,48.1
2,TDM,266,13.8
2,TDM,267,72.3
2,TDM,268,39.1
2,TDM,269,12.6
2,TDM,270,10.9
2,TDM,271,88.6
2,TDM,272,89.2
2,TDM,273,89.4
2,TDM,274,103
2,TDM,275,147
2,TDM,276,54.3
2,TDM,277,88.6
2,TDM,278,72.2
2,TDM,279,8.47
2,TDM,280,37.3
2,TDM,282,55.4
2,TDM,283,39.2
2,TDM,284,37.3
2,TDM,285,62.2
2,TDM,286,36.2
2,TDM,287,58.6
2,TDM,289,69.6
2,TDM,290,98.8
2,TDM,291,83.6
2,TDM,292,58.3
2,TDM,293,30.7
2,TDM,294,4.75
2,TDM,295,41.2
2,TDM,296,2.43
2,TDM,297,18.3
2,TDM,298,35.4
2,TDM,299,57.0
2,TDM,300,82.3
2,TDM,301,100
2,TDM,302,133
2,TDM,303,134
2,TDM,304,129
2,TDM,305,160
2,TDM,306,154
2,TDM,307,70.5
2,TDM,309,67.6
2,TDM,310,88.3
2,TDM,311,22.7
2,TDM,312,46.5
2,TDM,313,114
2,TDM,314,145
2,TDM,315,125
2,TDM,316,110
2,TDM,317,88.1
2,TDM,318,75.3
2,TDM,319,68.5
2,TDM,320,65.9
2,TDM,321,120
2,TDM,322,103
2,TDM,323,62.7
2,TDM,324,85.3
2,TDM,325,48.0
2,TDM,326,81.9
2,TDM,327,50.4
2,TDM,328,3.91
2,TDM,329,26.9
2,TDM,330,6.29
2,TDM,331,2.44
2,TDM,332,16.4
2,TDM,333,75.9
2,TDM,334,99.5
2,TDM,335,188
2,TDM,336,131
2,TDM,337,98.6
2,TDM,338,68.4
2,TDM,340,60.0
2,TDM,341,4.18
2,TDM,342,2.38
2,TDM,343,2.39
2,TDM,344,30.2
2,TDM,345,9.62
2,TDM,347,69.6
2,TDM,348,30.6
2,TDM,349,58.9
2,TDM,350,66.9
2,TDM,351,2.37
2,TDM,353,2.42
2,TDM,354,87.4
2,TDM,355,114
2,TDM,356,67.4
2,TDM,358,139
2,TDM,359,139
2,TDM,360,119
2,TDM,361,104
2,TDM,362,112
2,TDM,363,154
2,TDM,364,158
2,TDM,365,181
2,TDM,366,186
2,TDM,367,202
2,TDM,368,212
2,TDM,369,137
2,TDM,371,50.5
2,TDM,372,62.0
2,TDM,373,75.1
2,TDM,374,78.3
2,TDM,375,104
2,TDM,376,135
2,TDM,377,122
2,TDM,378,77.4
2,TDM,379,101
2,TDM,380,147
2,TDM,381,183
2,TDM,383,214
2,TDM,384,177
2,TDM,386,144
2,TDM,387,122
2,TDM,388,171
2,TDM,389,125
2,TDM,390,180
2,TDM,391,135
2,TDM,392,99.3
2,TDM,393,66.7
2,TDM,394,2.42
2,TDM,395,38.8
2,TDM,397,52.2
2,TDM,398,11.2
2,TDM,401,30.1
2,TDM,402,97.1
2,TDM,403,77.0
2,TDM,404,53.0
2,TDM,405,2.33
2,TDM,406,10.5
2,TDM,407,5.70
2,TDM,410,4.92
2,TDM,411,2.58
2,TDM,412,24.8
2,TDM,413,26.9
2,TDM,414,26.1
2,TDM,415,43.7
2,TDM,416,103
2,TDM,417,80.8
2,TDM,418,33.0
2,TDM,419,62.1
2,TDM,420,71.7
2,TDM,421,46.0
2,TDM,422,52.9
2,TDM,423,105
2,TDM,424,85.4
2,TDM,425,84.4
2,TDM,426,97.1
2,TDM,427,77.5
2,TDM,428,94.3
2,TDM,430,68.3
2,TDM,431,88.9
2,TDM,432,47.8
2,TDM,433,2.52
2,TDM,434,53.9
2,TDM,435,26.5
2,TDM,436,8.93
2,TDM,437,31.9
2,TDM,438,2.50
2,TDM,439,33.0
2,TDM,440,82.2
2,TDM,441,17.7
2,TDM,442,53.8
2,TDM,443,10.7
2,TDM,444,15.3
2,TDM,445,2.45
2,TDM,446,4.49
2,TDM,447,61.0
2,TDM,448,21.3
2,TDM,449,20.3
2,TDM,450,31.0
2,TDM,451,24.2
2,TDM,452,39.3
2,TDM,453,33.1
2,TDM,454,75.8
2,TDM,455,94.6
2,TDM,456,77.3
2,TDM,457,38.5
2,TDM,458,2.60
2,TDM,459,2.68
2,TDM,460,22.3
2,TDM,461,25.4
2,TDM,462,2.65
2,TDM,463,19.9
2,TDM,464,23.6
2,TDM,465,72.5
2,TDM,466,74.6
2,TDM,467,94.5
2,TDM,468,137
2,TDM,469,171
2,TDM,470,170
2,TDM,471,129
2,TDM,472,127
2,TDM,474,130
2,TDM,475,197
2,TDM,476,137
2,TDM,477,154
2,TDM,479,132
2,TDM,480,174
2,TDM,481,204
2,TDM,482,291
2,TDM,483,268
2,TDM,484,229
2,TDM,485,295
2,TDM,486,273
2,TDM,487,283
2,TDM,488,221
2,TDM,489,284
2,TDM,490,257
2,TDM,491,172
2,TDM,492,129
2,TDM,493,116
2,TDM,494,123
2,TDM,495,248
2,TDM,496,279
2,TDM,497,293
2,TDM,498,315
2,TDM,500,300
2,TDM,501,304
2,TDM,502,278
2,TDM,503,266
2,TDM,504,327
2,TDM,505,360
2,TDM,506,327
2,TDM,507,282
2,TDM,508,276
2,TDM,510,333
2,TDM,511,294
2,TDM,512,273
2,TDM,513,302
2,TDM,514,259
2,TDM,515,260
2,TDM,516,267
2,TDM,517,276
2,TDM,518,290
2,TDM,519,287
2,TDM,520,313
2,TDM,522,251
2,TDM,523,239
2,TDM,524,190
2,TDM,525,230
2,TDM,526,206
2,TDM,527,283
2,TDM,528,274
2,TDM,529,327
2,TDM,530,229
2,TDM,531,226
2,TDM,532,295
2,TDM,533,269
2,TDM,534,273
2,TDM,535,269
2,TDM,537,225
2,TDM,538,256
2,TDM,539,229
2,TDM,540,293
2,TDM,541,297
2,TDM,542,365
2,TDM,543,402
2,TDM,544,380
2,TDM,545,388
2,TDM,546,360
2,TDM,547,327
2,TDM,548,231
2,TDM,549,229
2,TDM,550,323
2,TDM,552,321
2,TDM,553,253
2,TDM,554,262
2,TDM,555,300
2,TDM,556,270
2,TDM,557,284
2,TDM,558,315
2,TDM,559,281
2,TDM,560,279
2,TDM,561,239
2,TDM,562,310
2,TDM,564,270
2,TDM,565,251
2,TDM,567,255
2,TDM,569,164
2,TDM,570,258
2,TDM,571,290
2,TDM,572,406
2,TDM,574,463
2,TDM,575,444
2,TDM,576,441
2,TDM,577,377
2,TDM,579,343
2,TDM,580,332
2,TDM,582,368
2,TDM,584,304
2,TDM,585,348
2,TDM,586,335
2,TDM,587,354
2,TDM,589,317
2,TDM,590,313
2,TDM,591,282
2,TDM,592,246
2,TDM,594,166
2,TDM,597,216
2,TDM,599,213
2,TDM,600,218
2,TDM,601,157
2,TDM,602,308
2,TDM,603,309
2,TDM,604,313
2,TDM,605,396
2,TDM,606,409
2,TDM,607,423
2,TDM,608,337
2,TDM,609,329
2,TDM,610,363
2,TDM,612,370
2,TDM,613,406
2,TDM,614,410
2,TDM,615,374
2,TDM,617,331
2,TDM,619,296
2,TDM,620,285
2,TDM,622,252
2,TDM,623,222
2,TDM,624,207
2,TDM,625,253
2,TDM,627,224
2,TDM,628,216
2,TDM,629,205
2,TDM,631,135
2,TDM,632,145
2,TDM,633,138
2,TDM,634,81.6
2,TDM,635,20.1
2,TDM,636,11.4
2,TDM,637,29.8
2,TDM,638,9.62
2,TDM,639,3.84
2,TDM,640,32.8
2,TDM,642,25.9
2,TDM,643,90.9
2,TDM,644,47.0
2,TDM,646,8.32
2,TDM,647,7.31
2,TDM,649,147
2,TDM,650,173
2,TDM,651,114
2,TDM,652,120
2,TDM,653,110
2,TDM,654,136
2,TDM,655,212
2,TDM,657,259
2,TDM,658,181
2,TDM,659,265
2,TDM,660,239
2,TDM,661,286
2,TDM,662,241
2,TDM,663,275
2,TDM,665,290
2,TDM,666,372
2,TDM,667,431
2,TDM,668,400
2,TDM,669,488
2,TDM,670,540
2,TDM,672,416
2,TDM,673,418
2,TDM,674,360
2,TDM,675,323
2,TDM,676,307
2,TDM,677,320
2,TDM,678,282
2,TDM,679,202
2,TDM,681,422
2,TDM,682,444
2,TDM,683,449
2,TDM,684,414
2,TDM,685,444
2,TDM,687,405
2,TDM,688,370
2,TDM,689,424
2,TDM,690,417
2,TDM,691,388
2,TDM,692,373
2,TDM,693,336
2,TDM,694,324
2,TDM,695,311
2,TDM,696,262
2,TDM,697,320
2,TDM,698,225
2,TDM,699,186
2,TDM,702,59.7
2,TDM,703,53.6
2,TDM,704,78.8
2,TDM,705,116
2,TDM,706,92.5
2,TDM,707,94.6
2,TDM,708,8.33
2,TDM,709,19.5
2,TDM,710,8.80
2,TDM,711,21.8
2,TDM,712,63.8
2,TDM,713,57.4
2,TDM,714,34.8
2,TDM,715,14.1
2,TDM,717,32.6
2,TDM,718,2.41
2,TDM,719,43.2
2,TDM,720,126
2,TDM,721,99.0
2,TDM,722,27.3
2,TDM,723,6.46
2,TDM,724,44.4
2,TDM,725,37.4
2,TDM,726,65.5
2,TDM,727,107
2,TDM,728,37.2
2,TDM,729,98.9
2,TDM,730,74.0
2,TDM,732,39.8
2,TDM,733,58.1
2,TDM,734,114
2,TDM,735,180
2,TDM,736,140
2,TDM,737,41.7
2,TDM,739,86.3
2,TDM,740,88.1
2,TDM,742,90.7
2,TDM,744,145
2,TDM,745,152
2,TDM,747,71.6
2,TDM,748,191
2,TDM,749,193
2,TDM,750,204
2,TDM,751,188
2,TDM,753,143
2,TDM,754,131
2,TDM,755,158
2,TDM,756,142
2,TDM,757,128
2,TDM,759,155
2,TDM,760,119
2,TDM,762,81.8
2,TDM,763,35.9
2,TDM,764,25.3
2,TDM,765,13.4
2,TDM,766,79.4
2,TDM,767,52.7
2,TDM,769,2.33
2,TDM,770,24.2
2,TDM,771,41.6
2,TDM,772,85.0
2,TDM,773,31.9
2,TDM,774,2.47
2,TDM,775,4.93
2,TDM,777,6.55
2,TDM,779,109
2,TDM,780,179
2,TDM,781,123
2,TDM,782,115
2,TDM,784,62.2
2,TDM,785,48.3
2,TDM,786,2.52
2,TDM,787,45.7
2,TDM,789,39.0
2,TDM,792,5.87
2,TDM,793,125
2,TDM,794,102
2,TDM,796,115
2,TDM,797,187
2,TDM,800,139
2,TDM,801,164
2,TDM,802,98.2
2,TDM,804,127
2,TDM,805,66.5
2,TDM,807,44.4
2,TDM,808,31.1
2,TDM,809,33.4
2,TDM,810,98.3
2,TDM,811,121
2,TDM,812,74.5
2,TDM,814,47.3
2,TDM,815,10.2
2,TDM,816,49.0
2,TDM,817,45.9
2,TDM,819,37.8
2,TDM,820,136
2,TDM,822,53.8
2,TDM,823,36.2
2,TDM,824,28.3
2,TDM,825,85.8
2,TDM,826,89.5
2,TDM,827,120
2,TDM,829,24.8
2,TDM,830,2.52
2,TDM,831,30.3
2,TDM,832,67.9
2,TDM,833,33.1
2,TDM,834,2.51
2,TDM,835,70.3
2,TDM,837,28.0
2,TDM,839,24.9
2,TDM,841,33.7
2,TDM,842,10.0
2,TDM,844,10.9
2,TDM,845,4.43
2,TDM,846,34.1
2,TDM,847,82.4
2,TDM,849,64.1
2,TDM,850,45.6
2,TDM,852,14.8
2,TDM,853,74.0
2,TDM,854,48.5
2,TDM,855,32.5
2,TDM,856,6.74
2,TDM,857,50.9
2,TDM,859,76.9
2,TDM,860,162
2,TDM,861,115
2,TDM,862,119
2,TDM,864,197
2,TDM,865,150
2,TDM,867,114
2,TDM,868,39.2
2,TDM,869,34.3
2,TDM,871,100
2,TDM,872,121
2,TDM,875,92.6
2,TDM,876,82.4
2,TDM,877,92.0
2,TDM,879,51.5
2,TDM,880,161
2,TDM,882,126
2,TDM,883,129
2,TDM,884,88.8
2,TDM,885,129
2,TDM,886,163
2,TDM,887,161
2,TDM,889,159
2,TDM,890,146
2,TDM,891,182
2,TDM,892,231
2,TDM,894,189
2,TDM,897,175
2,TDM,898,208
2,TDM,899,200
2,TDM,900,164
2,TDM,901,125
2,TDM,902,164
2,TDM,903,105
2,TDM,904,117
2,TDM,905,51.7
2,TDM,906,69.6
2,TDM,907,107
2,TDM,910,28.6
2,TDM,912,20.1
2,TDM,913,45.6
2,TDM,914,4.39
2,TDM,915,18.0
2,TDM,916,40.2
2,TDM,917,113
2,TDM,918,98.4
2,TDM,919,155
2,TDM,920,134
2,TDM,921,110
2,TDM,922,186
2,TDM,924,160
2,TDM,925,158
2,TDM,927,20.7
2,TDM,928,34.8
2,TDM,929,50.6
2,TDM,930,39.8
2,TDM,931,2.37
2,TDM,932,71.3
2,TDM,934,173
2,TDM,935,163
2,TDM,936,159
2,TDM,937,122
2,TDM,939,101
2,TDM,940,137
2,TDM,942,23.9
2,TDM,943,45.7
2,TDM,944,57.1
2,TDM,945,34.9
2,TDM,946,2.58
2,TDM,947,30.4
2,TDM,949,61.2
2,TDM,950,67.5
2,TDM,951,93.7
2,TDM,952,168
2,TDM,954,179
2,TDM,955,103
2,TDM,957,9.13
2,TDM,958,7.84
2,TDM,959,55.8
2,TDM,960,30.9
2,TDM,961,73.4
2,TDM,962,96.6
2,TDM,964,61.1
2,TDM,965,12.6
2,TDM,966,17.0
2,TDM,967,20.1
2,TDM,969,41.5
2,TDM,970,62.8
2,TDM,972,117
2,TDM,973,51.6
2,TDM,974,10.2
2,TDM,975,69.3
2,TDM,976,47.9
2,TDM,977,74.8
2,TDM,979,144
2,TDM,980,79.1
2,TDM,981,75.1
2,TDM,984,52.2
2,TDM,985,22.9
2,TDM,987,73.6
2,TDM,988,141
2,TDM,989,100
2,TDM,990,77.8
2,TDM,991,38.0
2,TDM,992,9.33
2,TDM,994,2.58
2,TDM,995,35.0
2,TDM,996,25.6
2,TDM,999,48.8
2,TDM,1000,46.4
